{"count":1,"self":35.609580799999996,"total":37.330926,"children":{"InitializeActuators":{"count":24,"self":0.00162,"total":0.00162,"children":null},"InitializeSensors":{"count":24,"self":0.0033669999999999998,"total":0.0033669999999999998,"children":null},"AgentSendState":{"count":1844,"self":0.70553,"total":0.76813999999999993,"children":{"CollectObservations":{"count":8856,"self":0.016781,"total":0.016781,"children":null},"WriteActionMask":{"count":8856,"self":0.016368999999999998,"total":0.016368999999999998,"children":null},"RequestDecision":{"count":8856,"self":0.02946,"total":0.02946,"children":null}}},"DecideAction":{"count":1844,"self":0.766245,"total":0.83400999999999992,"children":{"RayPerceptionSensor.Perceive":{"count":14760,"self":0.067764999999999992,"total":0.067764999999999992,"children":null}}},"AgentAct":{"count":1844,"self":0.113008,"total":0.113008,"children":null}},"gauges":{"Goalie.CumulativeReward":{"count":42,"max":0.312404126,"min":0.007800001,"runningAverage":0.0526765622,"value":0.008400001,"weightedAverage":0.07852684},"Striker.CumulativeReward":{"count":84,"max":-0.007800001,"min":-0.312404126,"runningAverage":-0.05267657,"value":-0.008400001,"weightedAverage":-0.05209957}},"metadata":{"timer_format_version":"0.1.0","start_time_seconds":"1633989551","unity_version":"2020.3.17f1","command_line_arguments":"\/Applications\/Unity\/Hub\/Editor\/2020.3.17f1\/Unity.app\/Contents\/MacOS\/Unity -projectpath \/Users\/zhangyuchao\/USCourses\/527\/ml-agents-release_18\/Project -useHub -hubIPC -cloudEnvironment production -hubSessionId 9872dc20-298b-11ec-9791-5763aed56ab8 -accessToken caDSMr7eH1gH_WTIDvL0CVXkYg1wGC1DtXKS01kageI012f","communication_protocol_version":"1.5.0","com.unity.ml-agents_version":"2.1.0-exp.1","scene_name":"StrikersVsGoalie","end_time_seconds":"1633989588"}}